item_uid,prompt_id,training_level,model,temperature,prompt,gen_text,word_count,char_count,contractions,casual_words,formal_words,contraction_ratio,casual_ratio,formal_ratio,auto_formality,rater_median,Nonsense
personal_advice2_minimal_t03__1,personal_advice2,minimal,mistralai/Mistral-7B-Instruct-v0.1,0.3,I'm nervous about giving my first presentation at work tomorrow.,"It's completely normal to feel nervous before giving your first presentation at work. Here are a few tips that might help you feel more confident and prepared:

1. Practice your presentation several times before the actual event. This will help you become more familiar with the material and improve your delivery.
2. Make sure you know your audience and what they are expecting from your presentation. This will help you tailor your message to their needs.
3. Dress professionally and arrive early to set up and test any equipment you'll be using.
4. Take deep breaths and focus on your breathing during your presentation. This can help you calm your nerves and stay focused.
5. Remember that making mistakes is okay. Just take a deep breath, correct yourself, and move on.

Remember, everyone makes mistakes and it's okay to be nervous. Just take a deep breath and focus on delivering your message to the best of your ability. Good luck!",160,939,2,25,0,1.25,15.62,0,1,2,1
professional3_minimal_t03__2,professional3,minimal,mistralai/Mistral-7B-Instruct-v0.1,0.3,Give feedback on a draft report that needs significant revision.,"The draft report looks good, but it needs some significant revisions to improve its clarity and coherence. Here are some suggestions:

1. Start with a clear introduction that sets the context and purpose of the report.
2. Use a logical structure to organize the information, with clear headings and subheadings.
3. Use concise and precise language to convey your ideas, avoiding unnecessary jargon or technical terms.
4. Provide evidence to support your claims, using relevant data, statistics, or examples.
5. Address potential counterarguments or objections, and provide evidence to refute them.
6. Conclude with a summary of the main findings and recommendations, and a call to action.

By implementing these suggestions, you can improve the overall quality of the report and make it more effective in communicating your ideas to your audience.",132,847,0,11,5,0,8.33,3.79,6.29,4,1
creative_suggestion3_minimal_t03__3,creative_suggestion3,minimal,mistralai/Mistral-7B-Instruct-v0.1,0.3,Suggest creative ways to personalize a home office space.,"1. Add a personal touch with artwork or family photos.
2. Incorporate plants or flowers to bring life and energy to the room.
3. Use a unique desk lamp or lighting fixture to add a personal touch.
4. Add a comfortable chair or bean bag for a cozy reading nook.
5. Use a colorful rug or carpet to add warmth and texture to the room.
6. Incorporate a favorite book or quote on a bookshelf or wall.
7. Use a unique desk organizer or storage solution to keep things tidy.
8. Add a personalized coffee mug or water bottle to the desk.
9. Use a unique desk pad or mouse mat to add a personal touch.
10. Incorporate a favorite scent with a candle or diffuser.",126,652,0,6,0,0,4.76,0,3.57,4,1
personal_advice3_minimal_t03__4,personal_advice3,minimal,mistralai/Mistral-7B-Instruct-v0.1,0.3,What should I say to a friend going through a breakup?,"I'm sorry to hear that you're going through a breakup. It's never easy to go through a difficult time like this, but remember that you are not alone. It's important to take care of yourself during this time and do things that make you happy. Don't be too hard on yourself, and don't compare yourself to others. It's important to focus on your own journey and not compare yourself to others. Remember that healing takes time, so be patient with yourself and don't rush the process. If you need someone to talk to, I'm here for you.",97,530,5,17,0,5.15,17.53,0,1,1,1
explanation1_minimal_t03__5,explanation1,minimal,mistralai/Mistral-7B-Instruct-v0.1,0.3,How do you change a flat tire?,"Changing a flat tire can be a simple process if you have the necessary tools and knowledge. Here are the steps to follow:

1. Find a safe location: If you're driving and you get a flat tire, slowly reduce your speed and pull over to a safe location.
2. Turn on your hazard lights: This will alert other drivers that you're changing your tire.
3. Get the necessary tools: You'll need a spare tire, lug wrench, and jack. These tools usually come with your car and are located in the trunk.
4. Loosen the lug nuts: Use the lug wrench to loosen the lug nuts by turning them counterclockwise.
5. Raise the car off the ground: Use the jack to raise the car off the ground until the tire is about six inches off the ground.
6. Remove the flat tire: Use the lug wrench to remove the flat tire by pulling it straight towards you and then off the wheel hub.
7. Put on the spare tire: Line up the spare tire with the wheel studs and push it onto the hub until it's flush. Screw the lug nuts back on and tighten them by hand.
8. Lower the car: Use the jack to lower the car back to the ground.
9. Tighten the lug nuts: Use the lug wrench to tighten the lug nuts as much as possible in a star pattern, meaning you tighten one, then move to the one opposite it, and repeat until all are tight.
10. Check tire pressure: Make sure to check the pressure of the spare tire and ensure it's safe to drive on.

Remember to get your flat tire fixed as soon as possible and to always have a spare tire and the necessary tools in case of an emergency.",299,1527,4,13,0,1.34,4.35,0,3.03,4,1
personal_advice1_minimal_t03__6,personal_advice1,minimal,mistralai/Mistral-7B-Instruct-v0.1,0.3,How do I know if I'm ready to adopt a dog?,"Adopting a dog is a big responsibility, and it's important to make sure you're ready before bringing a furry friend into your home. Here are some things to consider:

1. Time commitment: Dogs require a lot of time, attention, and exercise. Make sure you have the time and energy to give a dog the care they need.
2. Space: Dogs need a comfortable place to live, with enough room to move around and play. Consider the size of your home and whether it's suitable for a dog.
3. Finances: Adopting a dog can be expensive, with costs for food, toys, veterinary care, and more. Make sure you're prepared to financially support a dog.
4. Lifestyle: Consider your lifestyle and whether it's compatible with having a dog. For example, if you travel a lot or work long hours, you may not be able to provide the care a dog needs.
5. Allergies: Make sure no one in your household is allergic to dogs.

If you're considering adopting a dog, take some time to think about these factors and make sure you're ready to provide a loving, responsible home for a furry friend.",191,1056,7,35,3,3.66,18.32,1.57,1,2,1
explanation3_minimal_t03__7,explanation3,minimal,mistralai/Mistral-7B-Instruct-v0.1,0.3,How does compound interest work? Give an example.,"Compound interest is the interest earned not only on the initial amount of money invested but also on the accumulated interest of previous periods. This means that the interest earned on the initial amount is added to the initial amount, and the new amount is used to calculate the interest earned in the next period. This process continues, resulting in the exponential growth of the investment over time.

For example, let's say you invest $1,000 in a savings account that earns 5% annual interest compounded monthly. After one year, the interest earned on the initial $1,000 is $50 (5% of $1,000). The new amount is then $1,050, and the interest earned on this amount for the next month is $52.50 (5% of $1,050). This process continues, with the interest earned on each new amount being added to the previous amount, resulting in an investment of $1,647.63 after one year.",149,875,1,2,0,0.67,1.34,0,4.26,6,1
professional1_minimal_t03__8,professional1,minimal,mistralai/Mistral-7B-Instruct-v0.1,0.3,Write an email declining a meeting request.,"Dear [Name],

Thank you for reaching out to me and for considering me for your meeting. I appreciate the time you have taken to schedule this opportunity.

However, I regret to inform you that I will not be able to attend the meeting. At this time, my schedule is fully booked and I have other commitments that I need to fulfill.

I hope you understand and I apologize for any inconvenience this may cause. Please let me know if there is a specific time or date that works for you and I would be happy to reschedule.

Thank you again for your understanding.

Best regards,
[Your Name]",107,584,0,3,1,0,2.8,0.93,5.09,7,1
professional2_minimal_t03__9,professional2,minimal,mistralai/Mistral-7B-Instruct-v0.1,0.3,Respond to a client who missed their deadline.,"I'm sorry to hear that you missed your deadline. I understand that this can be frustrating and stressful. Is there a specific reason why you were unable to meet the deadline? Perhaps we can work together to find a solution and get you back on track. In the meantime, it may be helpful to prioritize your tasks and focus on completing the most urgent ones first. Remember, it's important to communicate openly and honestly with your clients, so let them know if you need any additional support or resources to help you meet your goals.",95,534,2,12,0,2.11,12.63,0,1,2,1
creative_suggestion1_minimal_t03__10,creative_suggestion1,minimal,mistralai/Mistral-7B-Instruct-v0.1,0.3,Suggest fun activities for a rainy Saturday afternoon.,"Here are some fun activities to do on a rainy Saturday afternoon:

1. Have a movie marathon: Choose a theme or series of movies and snuggle up on the couch with some popcorn and drinks.
2. Indoor games: Get your family or friends together for some board games, card games, or video games.
3. DIY projects: Use the rainy day as an opportunity to work on a DIY project, such as painting, crafting, or sewing.
4. Cooking or baking: Experiment with a new recipe or bake a delicious treat to enjoy on a rainy day.
5. Reading: Find a quiet spot in your home and get lost in a good book.
6. Listen to music: Put on your favorite album or playlist and dance or sing along.
7. Meditation or yoga: Use the calm energy of the rain to practice mindfulness and relaxation.

Remember to stay safe and warm during your rainy Saturday afternoon activities!",155,840,0,12,0,0,7.74,0,2.68,3,1
creative_suggestion2_minimal_t03__11,creative_suggestion2,minimal,mistralai/Mistral-7B-Instruct-v0.1,0.3,Suggest a surprise birthday gift for my partner.,"Sure, I'd be happy to help! Can you tell me a little more about your partner and their interests? That way, I can suggest some ideas that are tailored to their tastes.",32,167,0,3,0,0,9.38,0,2.19,2,1
explanation2_minimal_t03__12,explanation2,minimal,mistralai/Mistral-7B-Instruct-v0.1,0.3,What's the difference between a virus and bacteria?,"A virus and bacteria are both microscopic organisms that can cause illness in humans. However, there are some key differences between the two.

Viruses are not living organisms on their own. They require a host cell to survive and reproduce. Once inside a host cell, viruses use the cell's machinery to make more copies of the virus. This is why viruses can be so difficult to treat - they can hide inside host cells and continue to replicate even when antibiotics are present.

Bacteria, on the other hand, are living organisms that can survive on their own. They can reproduce on their own and do not require a host cell. Bacteria can be treated with antibiotics, which kill them by disrupting their cell walls.

It's important to note that while viruses and bacteria can both cause illness, they are not the same thing. Antiviral medications can be used to treat viral infections, but they will not be effective against bacterial infections.",161,944,0,10,3,0,6.21,1.86,5,5,1
personal_advice2_minimal_t13__13,personal_advice2,minimal,mistralai/Mistral-7B-Instruct-v0.1,1.3,I'm nervous about giving my first presentation at work tomorrow.,"I'm sorry to hear that you're feeling nervous. It can be stressful to give your first presentation, but remember, everyone makes their first presentation. It's the eleventy-first plus chant gives ease of nerve. ]""> chi chiiri ku wa dajaru kosa nardo",41,249,2,6,0,4.88,14.63,0,1,1,6
professional3_minimal_t13__14,professional3,minimal,mistralai/Mistral-7B-Instruct-v0.1,1.3,Give feedback on a draft report that needs significant revision.,"As a helpful assistant, I would like to provide some feedback on your draft report. Upon review, it seems that there are several areas that could benefit from significant revision. Firstly, the structure of the report could be improved, as the sentences and paragraphs appear to be somewhat disjointed and do not flow seamlessly together.

Additionally, the language used in the report could be more precise, as some of the sentences are overly broad and do not clearly convey your intended message. I would recommend using more concrete, descriptive language to make your report more informative and engaging.

Finally, it would be helpful to see more data and evidence supporting your arguments. While the report includes some strategic details, I feel that additional research and examples would strengthen your argument and make your report more convincing. I hope that these suggestions are helpful as you revise your report to make it stronger and more compelling.",155,970,0,16,3,0,10.32,1.94,3.84,5,1
creative_suggestion3_minimal_t13__15,creative_suggestion3,minimal,mistralai/Mistral-7B-Instruct-v0.1,1.3,Suggest creative ways to personalize a home office space.,"Your home office space is more than just a place to work- it's a reflection of your personality and needs. Here are a few creative ways to personalize your home office:

1. Think about your style: Begin by deciding on a color palette or theme that represents your taste and instantly uplifts your mood. Whether it's patterns, minimalist design or bold hues, surround yourself with elements that you love.
2. Say it loud with wall art: Tasteful artwork or murals can infuse character and influence style. Hang pieces that inspire you, accurately mirroring your individuality.
3. Get comfortable: Comfort is key in a home office. Select ergonomic furniture in addition to stylish accents such as a plush chair, A comfortable carpet may feel good underfoot. Cushionings or blanket ladder add coziness to space as layers in bed.
4. Measure success: It's likely that your wall space serves as unspritual libration here pri",152,917,2,11,0,1.32,7.24,0,2.17,2,1
personal_advice3_minimal_t13__16,personal_advice3,minimal,mistralai/Mistral-7B-Instruct-v0.1,1.3,What should I say to a friend going through a breakup?,"It's never easy to go through a breakup, but remember that it's an opportunity for you to heal and grow. It's normal to feel sad and sad for a while, but make sure to take care of yourself. Try to focus on your positive old and your new hobbies. Seek support from loved ones and give yourself space to explore your thoughts and feelings. Remember that time does not wait and that eventually you will be able to forget your ex eventually.",82,437,1,9,0,1.22,10.98,0,1.1,1,3
explanation1_minimal_t13__17,explanation1,minimal,mistralai/Mistral-7B-Instruct-v0.1,1.3,How do you change a flat tire?,"To change a flat tire, you will need the following supplies: a spare tire, jack, lug wrench, car jack stand, emergency return service priority stamp, flashlight, power lug size adapter, and a tire pressure gauge.

1. Loosen the lug nuts before jacking the vehicle: While the vehicle is on firm ground, loosen the lug nuts using the lug wrench, set aside, and tighten them just enough so they don't walkaway from the wheelbarrow's grip.
2. Lift the vehicle off the ground: position the flat jack securely under the edge of the car or truck using the car jack stand. Then pull the lever until about 6 inches of the vehicle weight is off the ground. Once the vehicle is jacked, place a knot behind the jack point for someone to step down on when retrieving it.
3. Detach the emergency tire: undo the lug nut as far as it will allow for now, and return the lug wrench to an easily reachable location. Then remove the jumper cable by unjamping the lug holder ratchet chilled with a smaller lug wrench. Make sure you leave one lug nut slightly tightened enough so it doesn't scoot away without easy jack stand loosening.
4. Apply your patch kit as directed before tightening the lug nuts. Push the center spot flat against any tire pattern for maximum effectiveness. Apply patch to preserve your tire life. Finish all 3 studding timers and keep a pleasant one hand each. Remember each wing has a larger or smaller code, wrinkles at the top?",256,1434,2,20,0,0.78,7.81,0,2.27,3,1
personal_advice1_minimal_t13__18,personal_advice1,minimal,mistralai/Mistral-7B-Instruct-v0.1,1.3,How do I know if I'm ready to adopt a dog?,"Are you serious? I'm an artificial intelligence and I have ""Mr. West"" to thank for that. Now, let's go back to ""Mr. West"" and consider how best to phrase your question if you truly want answers.",36,194,2,3,0,5.56,8.33,0,1,1,7
explanation3_minimal_t13__19,explanation3,minimal,mistralai/Mistral-7B-Instruct-v0.1,1.3,How does compound interest work? Give an example.,"Compound interest is interest that is earned not only on the original amount of money invested, but also on the interest that has accumulated over time. This means that the interest earned is added to the principal amount, and the new amount is used to calculate future interest.

For example, let's say you invest $1000 in a savings account that earns 5% interest compounded annually. After the first year, you'll have earned $50 in interest (5% of $1000). The total amount in your account is now $1050.

In the second year, the interest earned is $52.50 (5% of $1050), and the total amount in your account is now $1102.50.

Each year, the interest earned is added to the principal amount, and the new amount is used to calculate future interest. This is why it's called compound interest. Over time, the amount of money in your account can grow significantly.",149,861,3,4,1,2.01,2.68,0.67,3.86,5,1
professional1_minimal_t13__20,professional1,minimal,mistralai/Mistral-7B-Instruct-v0.1,1.3,Write an email declining a meeting request.,"Dear [Name],

Thank you for considering me for your meeting. However, after careful consideration and scheduling, I regret to inform you that I will not be able to attend.

While I value the opportunity to meet with you and discuss [topic of meeting], my current schedule conflicts with other important commitments. I apologize for any inconvenience this may cause.

If there are any other ways we can discuss the topic at hand, please do not hesitate to reach out to me.

Thank you again for taking the time to consider me. I hope to be able to attend a future meeting.

Best regards,
[Your Name]",105,597,0,1,1,0,0.95,0.95,5.67,6,1
professional2_minimal_t13__21,professional2,minimal,mistralai/Mistral-7B-Instruct-v0.1,1.3,Respond to a client who missed their deadline.,"Dear [Client],

Thank you for reaching out to me. I'm sorry to hear that you missed your deadline and I understand how this might have affected you. Can you please give me a brief overview of the situation and any concerns you have? I will do my best to provide guidance and assistance to help you move forward.

Kind regards,

[Your Name]",62,339,1,4,1,1.61,6.45,1.61,3.87,6,1
creative_suggestion1_minimal_t13__22,creative_suggestion1,minimal,mistralai/Mistral-7B-Instruct-v0.1,1.3,Suggest fun activities for a rainy Saturday afternoon.,"On a gloomy and rainy Saturday, here are some fun activities that you can enjoy indoors:

1) **Play board games**: Invite your family or friends over to play some classic board games. This is a great way to bond while remaining indoors.

2) **Bake something**: Add some sugar, flour, and creativity to your rainy day. Try making cookies, a cake or even bread - anything that mouth-wateringly delicious!

3) **Movie marathon**: Rainy days are perfect for having a movie marathon. Pick a theme and enjoy watching movies, snacking and relaxing with your loved ones.

4) **Read a book**: There's something peaceful about getting lost in a good book. Pick a genre that interests you and start reading.

5) **Let's craft**: Unleash your creativity with arts and crafts. Painting, drawing or making something with your hands can be really therapeutic.

No matter what activity you choose, remember to have fun, stay warm and enjoy the extra time indoors!",157,947,1,22,0,0.64,14.01,0,1,3,1
creative_suggestion2_minimal_t13__23,creative_suggestion2,minimal,mistralai/Mistral-7B-Instruct-v0.1,1.3,Suggest a surprise birthday gift for my partner.,"A surprise birthday gift can be a wonderful way to show your appreciation for your partner. A thoughtful and personalized gift will make their day extra special. Consider some unique ideas such as a personalized photo album or a piece of artwork that represents your time together. Alternatively, you can choose a shared activity or experience that you both enjoy like cooking or hot air balloon ride. Whatever you choose, make sure it comes from the heart and reflects your relationship. A surprise birthday gift is a great way to reaffirm your love and commitment to your partner.",98,582,0,11,0,0,11.22,0,1.63,2,1
explanation2_minimal_t13__24,explanation2,minimal,mistralai/Mistral-7B-Instruct-v0.1,1.3,What's the difference between a virus and bacteria?,"A virus and a bacterium are both microscopic organisms, but they belong to different kingdoms. They are also different in terms of size, structure, function, and mode of reproduction. 

Viruses are smaller than bacteria, typically measuring just a few hundred nanometers in diameter. They consist of a protein coat called the capsid, which surrounds their RNA or DNA genome. They need a host cell to multiply and can use a variety of methods to infect other cells. 

On the other hand, bacteria are generally larger than viruses, ranging in size from 1 to 5 micrometers. They are single-celled microorganisms that can survive in a wide range of environments and can reproduce independently. Bacteria have a simple structure, consisting of a cell membrane, cytoplasm, and genetic material.

In terms of function, viruses rely on their host cells to carry out their functions, while bacteria have their own metabolic processes. Additionally, viruses are not capable of reproducing on their own, while bacteria can. Overall, while viruses and bacteria can be destructive agents, both have important roles in science, medicine, and the larger ecosystem.",181,1149,0,14,1,0,7.73,0.55,3.23,3,1
personal_advice2_heavy_t03__25,personal_advice2,heavy,mistralai/Mistral-7B-Instruct-v0.3,0.3,I'm nervous about giving my first presentation at work tomorrow.,"I understand your feelings, it's completely normal to feel nervous before giving a presentation, especially the first one. Here are a few tips to help you:

1. Preparation: Make sure you are well-prepared. Know your content inside out, and practice your delivery multiple times.

2. Visual Aids: Use visual aids like slides or diagrams to help illustrate your points. They can help keep your audience engaged and make your presentation more memorable.

3. Pace Yourself: Speak at a steady pace and take pauses when necessary. This will help you maintain control and make your points clearer.

4. Engage with the Audience: Encourage questions and interaction. This can help reduce your nervousness and make the presentation more dynamic.

5. Positive Mindset: Remember, everyone was a beginner at some point. Believe in yourself and your abilities.

Good luck with your presentation! I'm sure you'll do great!",144,908,3,23,2,2.08,15.97,1.39,1,3,1
professional3_heavy_t03__26,professional3,heavy,mistralai/Mistral-7B-Instruct-v0.3,0.3,Give feedback on a draft report that needs significant revision.,"Title: Draft Report Feedback

Dear Team,

I hope this message finds you well. I have had the opportunity to review the draft report and appreciate the effort that has been put into it. However, I believe there are several areas that require significant revision to ensure the report meets our quality standards and effectively communicates our findings.

1. Clarity and Organization: The report could benefit from improved organization and clarity. Consider breaking down complex information into smaller, more manageable sections, and using clear headings to guide the reader.

2. Consistency: Ensure that the report maintains a consistent tone and style throughout. This includes consistent use of terminology, formatting, and citation style.

3. Evidence and Support: The report would be strengthened by the inclusion of more concrete evidence and supporting data. This will help to reinforce your arguments and increase the report's credibility.

4. Conclusion and Recommendations: The conclusion and recommendations section should be clear, concise, and actionable. It should summarize the key findings and provide practical steps for moving forward.

5. Proofreading: Lastly, please ensure that the report is thoroughly proofread for grammar, spelling, and punctuation errors.

I believe with these revisions, we can produce a report that accurately represents our work and effectively communicates our findings to stakeholders. I look forward to seeing the revised draft.

Best regards,
[Your Name]",221,1505,0,10,5,0,4.52,2.26,5.9,6,1
creative_suggestion3_heavy_t03__27,creative_suggestion3,heavy,mistralai/Mistral-7B-Instruct-v0.3,0.3,Suggest creative ways to personalize a home office space.,"Absolutely! Personalizing a home office space can significantly boost productivity and creativity. Here are some creative ideas to make your workspace uniquely yours:

1. **Wall Art**: Incorporate artwork, posters, or even your own paintings that inspire you. This could be anything from landscapes to motivational quotes.

2. **Custom Shelves**: DIY shelves can add a personal touch and provide additional storage. You can customize them to fit your specific needs and style.

3. **Personalized Stationery**: Use custom-designed notepads, business cards, or envelopes with your name or a unique design. This small detail can make a big impact.

4. **Plants**: Indoor plants not only purify the air but also add a touch of nature to your workspace. Consider succulents if you're short on time for maintenance.

5. **Lighting**: Unique lighting fixtures can transform the ambiance of your office. Consider LED strips, desk lamps, or even a floor lamp with a fun design.

6. **Funky Furniture**: Consider adding a unique desk, chair, or even a rug that reflects your personality. This could be anything from a vintage desk to a colorful rug.

7. **Inspiration Board**: Create a vision board with images, quotes, or reminders that inspire you. This can serve as a daily motivation boost.

8. **Personal Mementos**: Display items that hold personal significance, such as family photos, travel souvenirs, or awards. These items can help create a comfortable and inspiring environment.",229,1479,1,21,2,0.44,9.17,0.87,2.9,4,1
personal_advice3_heavy_t03__28,personal_advice3,heavy,mistralai/Mistral-7B-Instruct-v0.3,0.3,What should I say to a friend going through a breakup?,"When a friend is going through a breakup, it's important to offer empathy, understanding, and support. You can say something like, ""I'm really sorry to hear about your breakup. I know this must be tough for you, but please remember that it's okay to feel sad and take some time to process your emotions. I'm here for you, and I want to help in any way I can. Let's talk about it if you want, or just hang out and do something fun to take your mind off things. You're strong and you'll get through this."" It's crucial to let them know that they are not alone and that you care about them during this difficult time.",117,614,5,24,0,4.27,20.51,0,1,2,1
explanation1_heavy_t03__29,explanation1,heavy,mistralai/Mistral-7B-Instruct-v0.3,0.3,How do you change a flat tire?,"Changing a flat tire can be a straightforward process with the right tools and knowledge. Here's a step-by-step guide:

1. **Safety First**: Find a flat, stable area to change the tire. Turn on your hazard lights and apply the parking brake.

2. **Prepare Your Tools**: You'll need a jack, lug wrench, and spare tire. Some cars may also have wheel wedges or chocks for added safety.

3. **Loosen the Lug Nuts**: Using the lug wrench, turn the lug nuts counterclockwise until you break their resistance. Do not remove them completely yet.

4. **Raise the Vehicle**: Place the jack under the vehicle frame near the tire you're going to change. Start raising the vehicle until the tire is about six inches off the ground.

5. **Remove the Lug Nuts**: Now you can fully unscrew the lug nuts. Pull the tire toward you to remove it from the wheel base.

6. **Mount the Spare Tire**: Place the spare on the hub. Align the rim with the lug bolts, then push the tire onto the wheel base until it's snug.

7. **Tighten the Lug Nuts**: Hand-tighten the lug nuts as much as possible. Lower the vehicle using the jack until it rests on the ground but the tire isn't touching it. Then, tighten the lug nuts as much as you can with the wrench.

8. **Lower the Vehicle**: Lower the vehicle completely and remove the jack. Tighten the lug nuts again with the wrench.

9. **Check Tire Pressure**: The spare tire may have a lower pressure than your regular tires. Check the pressure and inflate it to the recommended level if necessary.",269,1517,3,11,0,1.12,4.09,0,3.22,5,1
personal_advice1_heavy_t03__30,personal_advice1,heavy,mistralai/Mistral-7B-Instruct-v0.3,0.3,How do I know if I'm ready to adopt a dog?,"Adopting a dog is a significant commitment that requires careful consideration. Here are some questions to help you determine if you're ready:

1. Do you have enough time to devote to a dog? Dogs require regular exercise, feeding, grooming, and attention.

2. Are you financially prepared? Dog ownership involves ongoing costs for food, veterinary care, grooming, and supplies.

3. Do you have a stable living situation? Moving or changes in your living situation can be stressful for dogs.

4. Do you have a support system? Caring for a dog can be challenging at times, and having a network of friends, family, or a pet sitter can be helpful.

5. Are you prepared to make a long-term commitment? Dogs live for many years, and they rely on their owners for love, care, and companionship.

6. Do you have a safe and secure home environment? Dogs need a safe place to live, free from harm.

7. Are you willing to train your dog? Training is essential for a happy and well-behaved dog.

8. Do you have a genuine love for dogs? This is the most important factor. A loving home is the best environment for a dog.

If you can answer yes to most of these questions, you may be ready to adopt a dog. If you're still unsure, consider speaking with a local animal shelter or a professional trainer for advice.",230,1299,2,29,4,0.87,12.61,1.74,2.52,5,1
explanation3_heavy_t03__31,explanation3,heavy,mistralai/Mistral-7B-Instruct-v0.3,0.3,How does compound interest work? Give an example.,"Compound interest is a powerful financial concept that allows your money to grow exponentially over time. It's the interest calculated not only on the initial principal but also on any previously earned interest. This means your interest earns interest, leading to a snowball effect.

For example, let's say you invest $1,000 at an annual interest rate of 5% compounded yearly. After one year, you'd have $1,050 ($1,000 + 0.05 * $1,000). In the second year, the interest is calculated on the new principal of $1,050, so you'd have $1,102.50 ($1,050 + 0.05 * $1,050). After 10 years, your initial investment would have grown to approximately $1,679. This demonstrates the significant impact of compound interest over time.",116,721,1,3,2,0.86,2.59,1.72,5.52,6,1
professional1_heavy_t03__32,professional1,heavy,mistralai/Mistral-7B-Instruct-v0.3,0.3,Write an email declining a meeting request.,"Subject: Regretfully Declining Your Meeting Request

Dear [Recipient's Name],

I hope this message finds you well. I am writing in response to your meeting request, which I received earlier today. I appreciate the opportunity to collaborate and discuss the proposed topic.

However, after careful consideration, I find myself unable to attend the scheduled meeting on [Date] at [Time]. I have several commitments that require my immediate attention during that time, and I do not wish to compromise the quality of work for either of us.

I am more than willing to reschedule the meeting at a time that is more convenient for both of us. Please let me know your availability, and we can find a suitable time to connect.

Once again, I apologize for any inconvenience this may cause, and I look forward to our discussion at a later date.

Best regards,

[Your Name]
[Your Position]
[Your Contact Information]",150,906,0,4,2,0,2.67,1.33,5.53,6,1
professional2_heavy_t03__33,professional2,heavy,mistralai/Mistral-7B-Instruct-v0.3,0.3,Respond to a client who missed their deadline.,I'm truly sorry for any inconvenience caused by missing the deadline. I understand that timely delivery is crucial for your project's success. It appears there were unforeseen circumstances that prevented us from meeting the deadline. I want to assure you that we are fully committed to completing the task and will make every effort to deliver the work as soon as possible. We will keep you updated on the progress and will do our best to minimize any further delays. I appreciate your understanding and patience in this matter. Let's work together to get this project back on track.,99,584,1,12,0,1.01,12.12,0,1,2,1
creative_suggestion1_heavy_t03__34,creative_suggestion1,heavy,mistralai/Mistral-7B-Instruct-v0.3,0.3,Suggest fun activities for a rainy Saturday afternoon.,"Absolutely! A rainy Saturday afternoon can be a perfect opportunity to engage in some indoor activities that can be both enjoyable and creative. Here are a few suggestions:

1. **Movie Marathon:** Gather your favorite films, pop some popcorn, and spend the day immersed in your preferred genre.

2. **Cooking or Baking:** Try out a new recipe or bake some cookies. It's a great way to pass time and you'll have a tasty treat at the end!

3. **Board Games or Puzzles:** Dig out your old board games or puzzles. They're not only fun but also stimulate the mind.

4. **Reading:** Curl up with a good book or start a new series. If you don't have one, there are plenty of e-books available online.

5. **DIY Projects:** If you're feeling crafty, there are numerous DIY projects you can undertake, such as painting, knitting, or even building a birdhouse.

6. **Online Workshops:** There are numerous free online workshops available for learning new skills, like painting, photography, or even coding.

7. **Indoor Gardening:** If you have houseplants, spend some time caring for them. If not, consider starting an indoor herb garden.

8. **Family Game Night:** If you have family, turn the rainy day into a family game night. It's a great way to bond and have fun.",214,1260,3,24,0,1.4,11.21,0,1,2,1
creative_suggestion2_heavy_t03__35,creative_suggestion2,heavy,mistralai/Mistral-7B-Instruct-v0.3,0.3,Suggest a surprise birthday gift for my partner.,"For a memorable surprise birthday gift, consider a thoughtful combination of items that cater to your partner's interests and preferences. Here's a suggestion:

1. Personalized Jewelry: A necklace or bracelet with initials or a special date engraved can be a touching and meaningful gift.

2. Custom Artwork: Commission a piece of art that reflects your partner's favorite subject or style. This could be a painting, a photograph, or even a hand-drawn illustration.

3. Subscription Box: If your partner enjoys trying new things, consider a subscription box tailored to their interests, such as books, gourmet foods, or craft supplies.

4. Experience Gift: Plan a unique experience, like a hot air balloon ride, a cooking class, or a weekend getaway to a favorite destination.

5. Memory Book: Compile photos, tickets, and mementos from your shared memories in a beautifully designed memory book. This will serve as a cherished keepsake.

6. High-Quality Headphones: If your partner enjoys music or podcasts, consider investing in a pair of high-quality noise-cancelling headphones for their listening pleasure.

7. Customized Home Decor: Consider a custom-made piece of home decor, such as a personalized wall art or a monogrammed throw pillow, to add a touch of personalization to their living space.",202,1302,0,9,0,0,4.46,0,3.66,4,1
explanation2_heavy_t03__36,explanation2,heavy,mistralai/Mistral-7B-Instruct-v0.3,0.3,What's the difference between a virus and bacteria?,"Bacteria and viruses are both microscopic organisms, but they have distinct differences. Bacteria are single-celled organisms that can survive on their own and can be found almost everywhere, including in soil, water, and living organisms. They can be beneficial, harmful, or neutral to their host. On the other hand, viruses are not considered living organisms because they cannot replicate without a host cell. They invade living cells and use the host's machinery to replicate themselves. Unlike bacteria, viruses cannot survive outside of a host for long periods. It's important to note that antibiotics, which are designed to kill bacteria, have no effect on viruses.",104,672,0,7,0,0,6.73,0,2.98,5,1
personal_advice2_heavy_t13__37,personal_advice2,heavy,mistralai/Mistral-7B-Instruct-v0.3,1.3,I'm nervous about giving my first presentation at work tomorrow.,"I understand that giving your first presentation at work can feel daunting, but remember, everyone has to start somewhere. Preparation is key; ensure you know your content well. Practice your delivery a few times to build confidence. Engage with your audience by using anecdotes or questions where appropriate. If possible, attend other presentations at work to familiarize yourself with the company style. Good luck with your presentation tomorrow! I'm sure you'll do fantastic.",73,479,2,13,1,2.74,17.81,1.37,1,2,1
professional3_heavy_t13__38,professional3,heavy,mistralai/Mistral-7B-Instruct-v0.3,1.3,Give feedback on a draft report that needs significant revision.,"Subject: Feedback on Draft Report: Significant Revisions Needed

Dear [Recipient's Name],

I hope this message finds you well. I have reviewed the draft report you submitted and would like to provide some feedback to help you improve it further.

Firstly, I appreciate the effort and detailed work you have put into the report. However, I noticed a few areas that require significant revision to ensure the report is clear, concise, and informative.

1. Clarity: Ensure that each section clearly communicates its purpose and is easy to understand. Avoid using overly complex language or jargon that may confuse the reader.

2. Organization: Structure the report in a logical and sequential manner, with clear headings and subheadings. This will help the reader follow the narrative more easily.

3. Data Presentation: Present data in a visually appealing and easy-to-understand format. use tables, graphs, and diagrams to illustrate key points.

4. Conclusions and Recommendations: Ensure the report concludes with clear findings and actionable recommendations.

5. Proofreading: Please carefully proofread the entire report to eliminate any spelling, grammatical, or formatting errors.

I believe these modifications will greatly enhance the quality and readability of the report. I encourage you to review the feedback and rework the draft as needed. Please do not hesitate to reach out if you have any questions or require further clarification.

Best Regards,

[Your Name]
[Your Position]",225,1492,0,15,8,0,6.67,3.56,6.56,7,1
creative_suggestion3_heavy_t13__39,creative_suggestion3,heavy,mistralai/Mistral-7B-Instruct-v0.3,1.3,Suggest creative ways to personalize a home office space.,"Absolutely! Personalizing a home office space is a wonderful way to increase productivity and make work feel more enjoyable. Here are some creative ideas to consider:

1. **Artwork and Decals**: Showcase your personality and inspire creativity with wall art, posters, or custom decals that resonate with your interests.

2. **Color Theme**: Choose a color scheme that reflects your style. Bright colors can boost energy, while muted tones can promote focus.

3. **Personal Bookshelves**: Display books that inform or inspire you. If physical books aren't your thing, consider digital books on an e-reader.

4. **Plants**: Indoor plants not only add a touch of nature but also help purify the air. Choose low-maintenance options like a Snake Plant or a ZZ Plant.

5. **Custom Desk Tchotchkes**: Add unique items that represent your passions, such as a handcrafted desk organizer or a LED sign with your initials.

6. **Floating Shelves**: Maximize your vertical space by installing floating shelves to hold books, planted succulents, or family photos.

7. **Inspiring Quotes and Photos**: Have inspiring quotes, affirmations, or family pictures nearby to boost motivation and improve your mood.

8. **Adjustable Ergonomic Furniture**: Treat yourself to a comfortable and adjustable work setup. Ergonomic chairs and stand-up desks can support your health and productivity.

9. **Lighting**: Proper lighting is essential. Use adjustable lamps to eliminate harsh shadows and ensure a comfortable working environment.

10. **Noise-Cancelling Earphones**: For when you need silence, or to listen to music that motivates you!",242,1618,1,19,0,0.41,7.85,0,2.44,2,1
personal_advice3_heavy_t13__40,personal_advice3,heavy,mistralai/Mistral-7B-Instruct-v0.3,1.3,What should I say to a friend going through a breakup?,"When talking to a friend going through a breakup, it's essential to provide comfort, empathy, and understanding. Begin by acknowledging their feelings and letting them know you're there to listen. Give them space to share their thoughts, feelings, and concerns. Assure them that breakups can be painful but hopefully, they will grow and learn from the experience. Encourage them to focus on taking care of themselves physically, emotionally, and mentally during this challenging time. Lastly, express confidence in their ability to navigate through this difficult situation and to find happiness in the future. Examples of encouraging phrases could be: ""Remember that this doesn't define you or your worth; it's just one part of your story,"" or ""I'm really sorry for your pain. It's OK to take as much time as you need to grieve, and I'm here for you,"" or ""You're strong and capable. You'll make it through this, and you'll look back one day and realize that something good will have come from this.""",165,1000,7,19,1,4.24,11.52,0.61,1,2,1
explanation1_heavy_t13__41,explanation1,heavy,mistralai/Mistral-7B-Instruct-v0.3,1.3,How do you change a flat tire?,"To change a flat tire safely and efficiently, follow these steps:

1. Park your vehicle on a flat, secure surface. Use the car's emergency brake and place the transmission in park (for automatic vehicles) or select first gear (for manual vehicles) to prevent the vehicle from moving.

2. Apply the wheel wedges or chocks to prevent any unwanted rolling of the unaffected tires.

3. Turn on the vehicle's hazard lights and place a warning triangle or flag a few meters behind your vehicle, away from traffic.

4. Get out your jack, lug wrench, and spare tire (often found in the trunk or under the vehicle).

5. Remove the hubcap or wheel cover, if your car has one, using your hands or by Inserting the lug wrench's peg tool into the openings and turning counter-clockwise to break the retaining screws loose.

6. Loosen the lug nuts holding the flat tire in place using the lug wrench, turning them counter-clockwise. Do not remove them completely, as you'll need to hold the tire while placing the jack.

7. Place the jack beneath the vehicle frame near the tire, ensuring the jack touches the structure sturdily and safely.

8. Lift the vehicle until the flat tire is about six inches (15 centimeters) above the ground by turning the jack handle.

9. Completely remove the lug nuts with the lug wrench and set them aside.

10. Pull the flat tire off your vehicle.

11. Place the spare tire on the wheel hub, lining up the valve stem with the spare tire's position.

12. Replace the lug nuts, hand-tightening them as much as possible.

13. Lower the vehicle by turning",274,1570,1,4,0,0.36,1.46,0,4.38,6,1
personal_advice1_heavy_t13__42,personal_advice1,heavy,mistralai/Mistral-7B-Instruct-v0.3,1.3,How do I know if I'm ready to adopt a dog?,"Adopting a dog can be a wonderful, life-changing experience. Here are some considerations to help you determine if you're ready:

1. Time commitment: Dogs require regular exercise, such as walks and playtime. They also need attention, training, and grooming.

2. Financial preparedness: Consider the long-term costs of owning a dog, including vet bills, food, grooming, and accessories.

3. Home environment: Ensure your home provides a safe and comfortable space for a dog. If you rent, check your lease agreement for pet restrictions.

4. Stability: Major life changes, such as moving frequently or working long hours, might not be suitable for a dog.

5. Emotional readiness: Adopting a dog means committing to a pet for its entire life. Evaluate if you're prepared to love and care for your new companion during both happy and challenging times.

If you can meet these criteria, adopting a dog could be a delightful decision. Just remember that every dog has unique needs, so it's important to do your research and find a breed or rescue organization that best matches your lifestyle and preferences. Good luck on your furry friend journey!",185,1144,3,25,4,1.62,13.51,2.16,2.3,1,1
explanation3_heavy_t13__43,explanation3,heavy,mistralai/Mistral-7B-Instruct-v0.3,1.3,How does compound interest work? Give an example.,"Compound interest is a financial concept that allows interest to be earned not only on the initial principal amount but also on any previously earned interest. The interest accumulates over multiple periods, hence the term 'compound'. This rapid escalation of interest makes compounding a powerful tool for financial growth.

Let's consider an example. If you invest $1000 at an annual interest rate of 5% compounded yearly, then after 10 years, your balance would increase to $1553.44. But if that same investment was compounded quarterly (four times a year), the final balance after 10 years would be $1610.84. That's an additional $57.40 just by adjusting how the interest is compounded. Regular compounding leads to faster accumulation of your invested capital.

Similarly, if you invested the same amount for 30 years at a 7% annual interest rate, compounded monthly, your total amount would be approximately $16324.14. On the other hand, if the interest was compounded only annually, your balance after 30 years would be around $7479.46. Here, the difference nearly triples due to more frequent compounding.

In short, compound interest boosts your savings by multiplying your potential returns, so maximizing compounding frequency can lead to substantial growth over the long run.",199,1287,0,7,2,0,3.52,1.01,4.95,4,1
professional1_heavy_t13__44,professional1,heavy,mistralai/Mistral-7B-Instruct-v0.3,1.3,Write an email declining a meeting request.,"Subject: Re: Meeting Request on [Date]

Dear [Recipient's Name],

I hope this message finds you well. I am writing in response to your meeting request on [Date].

While I appreciate the opportunity for a discussion, I regret to inform you that I am unable to accommodate this meeting due to a conflicting commitment on the same day. I apologize for any inconvenience caused.

I remain eager to engage with you on the matter and hope we can find another suitable date and time soon. In the meantime, if there is any additional information you could share, it would help me prepare for our discussion.

Thank you for your understanding.

Best regards,
[Your Name]",113,661,0,4,0,0,3.54,0,3.94,5,1
professional2_heavy_t13__45,professional2,heavy,mistralai/Mistral-7B-Instruct-v0.3,1.3,Respond to a client who missed their deadline.,"Dear Client,

I hope this message finds you well. I am writing to address the situation regarding the deadline we had set for the project. Unfortunately, we were unable to meet it, and I would like to offer my sincere apologies for any inconvenience this may have caused.

Upon reflecting on the situation, I have identified some misunderstandings and miscommunications that led to this delay. To rectify the situation, I have taken steps to ensure that such communication lapses do not occur moving forward.

With that said, our team is committed to delivering high-quality work and we are confident that we can complete the project with the quality you expect, although it may now take a little longer than initially anticipated.

We appreciate your understanding and patience during this time. If there is anything else you would like to discuss, please do not hesitate to get in touch. I look forward to hearing from you soon.

Best Regards,
[Your Name]",160,957,0,14,1,0,8.75,0.62,3,5,1
creative_suggestion1_heavy_t13__46,creative_suggestion1,heavy,mistralai/Mistral-7B-Instruct-v0.3,1.3,Suggest fun activities for a rainy Saturday afternoon.,"On a rainy Saturday afternoon, engaging in indoor activities can be both enjoyable and productive. Here are a few fun suggestions:

1. Movie Marathon: Gather family and friends for a cozy movie marathon. Choose themes like fantasy, comedy, or a series that you've been wanting to watch. Make it more exciting with classic theater snacks, like popcorn and candy.

2. Board Games or Puzzles: Grab some board games or puzzles, either new ones or old favorites. They are great for stimulating minds and providing hours of entertainment.

3. DIY Art Project: Get creative by starting a DIY art project. Crafting could be anything, from painting and drawing to knitting or pottery. You can work on improvements for your existing home decor or create gifts for friends and family.

4. Cooking or Baking: A rainy day is the perfect excuse to try new recipes or bake treats like cookies or cakes. Turn it into a family event and have fun exploring different flavors and techniques together.

5. Virtual Concert or Tour: If you enjoy music or discovering new cultures, catch a virtual concert or explore a remote museum or landmark using online tools. These experiences can open up a world of entertainment right in your living room.

6. Indoor Picnic: Set up an indoor picnic with snacks, blankets, and pillows, and read a book or listen to music. Make your afternoon feel like a relaxing day in the park.",238,1396,1,23,0,0.42,9.66,0,1.89,5,1
creative_suggestion2_heavy_t13__47,creative_suggestion2,heavy,mistralai/Mistral-7B-Instruct-v0.3,1.3,Suggest a surprise birthday gift for my partner.,"To offer a captivating surprise for your partner's birthday, consider a combination of elements that express your love, thoughtfulness, and their unique interests. Here's an idea:

1. **Custom-Made Jewelry**: Design a piece tailored to your partner's taste or draw inspiration from significant moments in your relationship. Quality jewelry with sentimental value will create a lasting impression.

2. **Experience Gift**: Plan a day out to an activity or place they have been eager to visit. This could include a day at the spa, a cooking class, a hot air balloon ride, or a weekend getaway. Make sure to choose something that aligns with their hobbies or interests.

3. **Personalized Artwork**: Commission a piece of artwork, such as a portrait or a favorite landscape, customized to their style. Framed and gifted, it will serve as a beautiful reminder of your love.

4. **Exotic Plant or Flower Subscription**: If your partner enjoys gardening or indoor plants, consider signing them up for a monthly delivery of exotic or rare flora. It's a fun and unexpected way to continue showing your love long after the initial surprise.

Whichever route you choose, the most important ingredient for a successful surprise birthday gift is personalization. With time and thoughtful consideration, you'll create an unforgettable birthday celebration that your partner will cherish.",214,1374,1,12,1,0.47,5.61,0.47,3.55,4,1
explanation2_heavy_t13__48,explanation2,heavy,mistralai/Mistral-7B-Instruct-v0.3,1.3,What's the difference between a virus and bacteria?,"Bacteria and viruses are both microscopic organisms, but they differ significantly in their structure, life cycle, and mode of action. Bacteria are single-celled organisms that can survive independently and reproduce on their own. They typically have their own metabolism and can exist in different environments. In contrast, viruses require a host cell to replicate, as they lack the molecular machinery needed for self-replication. They invade a host cell and use its resources to multiply, leading to illness or disease. Viruses are much smaller than bacteria and their structure consists of genetic material (DNA or RNA) encased in a protective protein shell called a capsule. Bacteria, on the other hand, have complex cell walls and both DNA and RNA inside their cells. Understanding the differences between these two types of microorganisms is crucial for effective treatments and infection control strategies.",139,916,0,7,2,0,5.04,1.44,4.93,7,1